X.1,X,Precursor.Ion.Name,Retention.Time,Area,Background,Height,Mass.Error.PPM,SNFlag,ppmFlag,areaminFlag,RT_ref,RT_max,RT_min,RTFlag,Blank.Area,BlankFlag,Flags,QC_area,Reps_Present,ReplicateFlag,Samps_Present,Replicate.Name,SampleFlag,SmpFlag,CmpFlag,Filled_area,Backfill_Flag
1555,4213,3OC12-HSL,9.45,56602024,0,16606976,-1.1,NA,NA,NA,8.88833333333333,9.46,7.78,NA,NA,NA,,56602024,NA,NA,NA,200825_Std_250nMStdsInH2O_1,NA,Std,NA,56602024,NA
1556,4214,3OC12-HSL,9.39,68092528,0,21194230,-0.6,NA,NA,NA,8.88833333333333,9.46,7.78,NA,NA,NA,,68092528,NA,NA,NA,200825_Std_250nMStdsInH2O_2,NA,Std,NA,68092528,NA
1557,4215,3OC12-HSL,9.46,62140560,331003,18628658,-1.5,NA,NA,NA,8.88833333333333,9.46,7.78,NA,NA,NA,,62140560,NA,NA,NA,200825_Std_250nMStdsInMatrix_1,NA,Std,NA,62140560,NA
1558,4216,3OC12-HSL,9.39,55816524,267617,17281572,-0.8,NA,NA,NA,8.88833333333333,9.46,7.78,NA,NA,NA,,55816524,NA,NA,NA,200825_Std_250nMStdsInMatrix_2,NA,Std,NA,55816524,NA
1559,4217,3OC12-HSL,7.86,15359669,0,1965541,-1,NA,NA,NA,8.88833333333333,9.46,7.78,NA,NA,NA,,15359669,NA,NA,NA,200825_Std_H2OinMatrix_1,NA,Std,NA,15359669,NA
1560,4218,3OC12-HSL,7.78,7131815,0,1079735,-0.1,NA,NA,NA,8.88833333333333,9.46,7.78,NA,NA,NA,,7131815,NA,NA,NA,200825_Std_H2OinMatrix_2,NA,Std,NA,7131815,NA
1582,4267,3OC8-HSL,5.2,36219800,0,6397470,-1.4,NA,NA,NA,5.22,5.41,5.11,NA,NA,NA,,36219800,NA,NA,NA,200825_Std_250nMStdsInH2O_1,NA,Std,NA,36219800,NA
1583,4268,3OC8-HSL,5.11,34969296,0,6647085,-0.7,NA,NA,NA,5.22,5.41,5.11,NA,NA,NA,,34969296,NA,NA,NA,200825_Std_250nMStdsInH2O_2,NA,Std,NA,34969296,NA
1584,4269,3OC8-HSL,5.19,38119204,11601,6952339,-1.4,NA,NA,NA,5.22,5.41,5.11,NA,NA,NA,,38119204,NA,NA,NA,200825_Std_250nMStdsInMatrix_1,NA,Std,NA,38119204,NA
1585,4270,3OC8-HSL,5.11,31902572,0,5866294,-1.1,NA,NA,NA,5.22,5.41,5.11,NA,NA,NA,,31902572,NA,NA,NA,200825_Std_250nMStdsInMatrix_2,NA,Std,NA,31902572,NA
1586,4271,3OC8-HSL,5.41,124292,0,30656,-0.9,NA,NA,NA,5.22,5.41,5.11,NA,NA,NA,,124292,NA,NA,NA,200825_Std_H2OinMatrix_1,NA,Std,NA,124292,NA
1587,4272,3OC8-HSL,5.3,25722,0,8213,-0.3,NA,NA,areaminFlag,5.22,5.41,5.11,NA,NA,NA,"areaminFlag, ",25722,NA,NA,NA,200825_Std_H2OinMatrix_2,NA,Std,NA,25722,NA
1609,4294,3OHC12-HSL,9,52334476,24543,20225622,-1.4,NA,NA,NA,9.11,9.42,8.94,NA,NA,NA,,52334476,NA,NA,NA,200825_Std_250nMStdsInH2O_1,NA,Std,NA,52334476,NA
1610,4295,3OHC12-HSL,8.95,65834048,0,25825022,-0.8,NA,NA,NA,9.11,9.42,8.94,NA,NA,NA,,65834048,NA,NA,NA,200825_Std_250nMStdsInH2O_2,NA,Std,NA,65834048,NA
1611,4296,3OHC12-HSL,9.01,57095808,174669,21465932,-1.8,NA,NA,NA,9.11,9.42,8.94,NA,NA,NA,,57095808,NA,NA,NA,200825_Std_250nMStdsInMatrix_1,NA,Std,NA,57095808,NA
1612,4297,3OHC12-HSL,8.94,68619808,295103,27048242,-1.2,NA,NA,NA,9.11,9.42,8.94,NA,NA,NA,,68619808,NA,NA,NA,200825_Std_250nMStdsInMatrix_2,NA,Std,NA,68619808,NA
1613,4298,3OHC12-HSL,9.42,291332,0,36763,-1.3,NA,NA,NA,9.11,9.42,8.94,NA,NA,NA,,291332,NA,NA,NA,200825_Std_H2OinMatrix_1,NA,Std,NA,291332,NA
1614,4299,3OHC12-HSL,9.34,101682,73449,18014,-0.4,SNFlag,NA,NA,9.11,9.42,8.94,NA,NA,NA,"SNFlag, ",101682,NA,NA,NA,200825_Std_H2OinMatrix_2,NA,Std,NA,101682,NA
1636,4321,7-dehydrocholesterol,13.6,812620,0,305794,-0.1,NA,NA,NA,13.5466666666667,13.6,13.4,NA,NA,NA,,812620,NA,NA,NA,200825_Std_250nMStdsInH2O_1,NA,Std,NA,812620,NA
1637,4322,7-dehydrocholesterol,13.54,283439,0,109867,0.6,NA,NA,NA,13.5466666666667,13.6,13.4,NA,NA,NA,,283439,NA,NA,NA,200825_Std_250nMStdsInH2O_2,NA,Std,NA,283439,NA
1638,4323,7-dehydrocholesterol,13.6,1096754,0,402807,-0.3,NA,NA,NA,13.5466666666667,13.6,13.4,NA,NA,NA,,1096754,NA,NA,NA,200825_Std_250nMStdsInMatrix_1,NA,Std,NA,1096754,NA
1639,4324,7-dehydrocholesterol,13.54,2559832,0,905328,0.4,NA,NA,NA,13.5466666666667,13.6,13.4,NA,NA,NA,,2559832,NA,NA,NA,200825_Std_250nMStdsInMatrix_2,NA,Std,NA,2559832,NA
1640,4325,7-dehydrocholesterol,13.6,6424,0,4748,-0.2,NA,NA,areaminFlag,13.5466666666667,13.6,13.4,NA,NA,NA,"areaminFlag, ",6424,NA,NA,NA,200825_Std_H2OinMatrix_1,NA,Std,NA,6424,NA
1641,4326,7-dehydrocholesterol,13.4,21411,0,9235,0.8,NA,NA,areaminFlag,13.5466666666667,13.6,13.4,NA,NA,NA,"areaminFlag, ",21411,NA,NA,NA,200825_Std_H2OinMatrix_2,NA,Std,NA,21411,NA
1663,4429,Acetyl-L-carnitine,0.83,111823032,1369944,33741188,-2.1,NA,NA,NA,0.856666666666667,0.92,0.82,NA,NA,NA,,111823032,NA,NA,NA,200825_Std_250nMStdsInH2O_1,NA,Std,NA,111823032,NA
1664,4430,Acetyl-L-carnitine,0.84,175173424,1800567,44912940,-0.9,NA,NA,NA,0.856666666666667,0.92,0.82,NA,NA,NA,,175173424,NA,NA,NA,200825_Std_250nMStdsInH2O_2,NA,Std,NA,175173424,NA
1665,4431,Acetyl-L-carnitine,0.82,157357312,1166213,50511460,-1.7,NA,NA,NA,0.856666666666667,0.92,0.82,NA,NA,NA,,157357312,NA,NA,NA,200825_Std_250nMStdsInMatrix_1,NA,Std,NA,157357312,NA
1666,4432,Acetyl-L-carnitine,0.82,196748144,641578,58744084,-0.6,NA,NA,NA,0.856666666666667,0.92,0.82,NA,NA,NA,,196748144,NA,NA,NA,200825_Std_250nMStdsInMatrix_2,NA,Std,NA,196748144,NA
1667,4433,Acetyl-L-carnitine,0.92,52903840,1301484,33001796,-2,NA,NA,NA,0.856666666666667,0.92,0.82,NA,NA,NA,,52903840,NA,NA,NA,200825_Std_H2OinMatrix_1,NA,Std,NA,52903840,NA
1668,4434,Acetyl-L-carnitine,0.91,48823236,645620,32723790,-0.2,NA,NA,NA,0.856666666666667,0.92,0.82,NA,NA,NA,,48823236,NA,NA,NA,200825_Std_H2OinMatrix_2,NA,Std,NA,48823236,NA
1690,4456,Adenosyl Homocysteine,1,7043070,0,2847273,-0.5,NA,NA,NA,1.005,1.03,0.99,NA,NA,NA,,7043070,NA,NA,NA,200825_Std_250nMStdsInH2O_1,NA,Std,NA,7043070,NA
1691,4457,Adenosyl Homocysteine,0.99,5939543,0,2643614,0.7,NA,NA,NA,1.005,1.03,0.99,NA,NA,NA,,5939543,NA,NA,NA,200825_Std_250nMStdsInH2O_2,NA,Std,NA,5939543,NA
1692,4458,Adenosyl Homocysteine,1.01,3847499,0,2040369,0.3,NA,NA,NA,1.005,1.03,0.99,NA,NA,NA,,3847499,NA,NA,NA,200825_Std_250nMStdsInMatrix_1,NA,Std,NA,3847499,NA
1693,4459,Adenosyl Homocysteine,0.99,4954498,0,2400947,0.8,NA,NA,NA,1.005,1.03,0.99,NA,NA,NA,,4954498,NA,NA,NA,200825_Std_250nMStdsInMatrix_2,NA,Std,NA,4954498,NA
1694,4460,Adenosyl Homocysteine,1.03,758956,0,413135,-0.4,NA,NA,NA,1.005,1.03,0.99,NA,NA,NA,,758956,NA,NA,NA,200825_Std_H2OinMatrix_1,NA,Std,NA,758956,NA
1695,4461,Adenosyl Homocysteine,1.01,675389,0,342182,-0.2,NA,NA,NA,1.005,1.03,0.99,NA,NA,NA,,675389,NA,NA,NA,200825_Std_H2OinMatrix_2,NA,Std,NA,675389,NA
1717,4483,Adenosyl Methionine,0.78,5794237,0,4407663,-0.2,NA,NA,NA,0.801666666666667,0.82,0.78,NA,NA,NA,,5794237,NA,NA,NA,200825_Std_250nMStdsInH2O_1,NA,Std,NA,5794237,NA
1718,4484,Adenosyl Methionine,0.8,4750063,0,2399776,1.1,NA,NA,NA,0.801666666666667,0.82,0.78,NA,NA,NA,,4750063,NA,NA,NA,200825_Std_250nMStdsInH2O_2,NA,Std,NA,4750063,NA
1719,4485,Adenosyl Methionine,0.8,8022852,0,8501852,-0.1,NA,NA,NA,0.801666666666667,0.82,0.78,NA,NA,NA,,8022852,NA,NA,NA,200825_Std_250nMStdsInMatrix_1,NA,Std,NA,8022852,NA
1720,4486,Adenosyl Methionine,0.8,8928197,0,7368274,1.1,NA,NA,NA,0.801666666666667,0.82,0.78,NA,NA,NA,,8928197,NA,NA,NA,200825_Std_250nMStdsInMatrix_2,NA,Std,NA,8928197,NA
1721,4487,Adenosyl Methionine,0.81,3904688,0,2981689,-0.5,NA,NA,NA,0.801666666666667,0.82,0.78,NA,NA,NA,,3904688,NA,NA,NA,200825_Std_H2OinMatrix_1,NA,Std,NA,3904688,NA
1722,4488,Adenosyl Methionine,0.82,3670212,0,1504188,1.3,NA,NA,NA,0.801666666666667,0.82,0.78,NA,NA,NA,,3670212,NA,NA,NA,200825_Std_H2OinMatrix_2,NA,Std,NA,3670212,NA
1744,4510,Agmatine,0.67,55844180,0,33096386,-3.6,NA,NA,NA,0.701666666666667,0.72,0.67,NA,NA,NA,,55844180,NA,NA,NA,200825_Std_250nMStdsInH2O_1,NA,Std,NA,55844180,NA
1745,4511,Agmatine,0.69,51486420,0,32399768,-2,NA,NA,NA,0.701666666666667,0.72,0.67,NA,NA,NA,,51486420,NA,NA,NA,200825_Std_250nMStdsInH2O_2,NA,Std,NA,51486420,NA
1746,4512,Agmatine,0.71,10207021,0,9614543,-3.2,NA,NA,NA,0.701666666666667,0.72,0.67,NA,NA,NA,,10207021,NA,NA,NA,200825_Std_250nMStdsInMatrix_1,NA,Std,NA,10207021,NA
1747,4513,Agmatine,0.71,17971764,0,16042326,-2,NA,NA,NA,0.701666666666667,0.72,0.67,NA,NA,NA,,17971764,NA,NA,NA,200825_Std_250nMStdsInMatrix_2,NA,Std,NA,17971764,NA
1748,4514,Agmatine,0.72,1076551,0,857879,-3.4,NA,NA,NA,0.701666666666667,0.72,0.67,NA,NA,NA,,1076551,NA,NA,NA,200825_Std_H2OinMatrix_1,NA,Std,NA,1076551,NA
1749,4515,Agmatine,0.71,734686,0,501633,-1.4,NA,NA,NA,0.701666666666667,0.72,0.67,NA,NA,NA,,734686,NA,NA,NA,200825_Std_H2OinMatrix_2,NA,Std,NA,734686,NA
1771,4564,Betaine,0.72,94760816,9897678,32058130,-2.9,SNFlag,NA,NA,0.745,0.76,0.72,NA,NA,NA,"SNFlag, ",94760816,NA,NA,NA,200825_Std_250nMStdsInH2O_1,NA,Std,NA,94760816,NA
1772,4565,Betaine,0.73,101377472,6690934,34012264,-1.6,NA,NA,NA,0.745,0.76,0.72,NA,NA,NA,,101377472,NA,NA,NA,200825_Std_250nMStdsInH2O_2,NA,Std,NA,101377472,NA
1773,4566,Betaine,0.75,630973056,18833014,218924544,-2.6,NA,NA,NA,0.745,0.76,0.72,NA,NA,NA,,630973056,NA,NA,NA,200825_Std_250nMStdsInMatrix_1,NA,Std,NA,630973056,NA
1774,4567,Betaine,0.75,581934848,8375508,189651728,-1.6,NA,NA,NA,0.745,0.76,0.72,NA,NA,NA,,581934848,NA,NA,NA,200825_Std_250nMStdsInMatrix_2,NA,Std,NA,581934848,NA
1775,4568,Betaine,0.76,791096704,12777468,227091808,-3,NA,NA,NA,0.745,0.76,0.72,NA,NA,NA,,791096704,NA,NA,NA,200825_Std_H2OinMatrix_1,NA,Std,NA,791096704,NA
1776,4569,Betaine,0.76,703557952,4631840,206611344,-1.3,NA,NA,NA,0.745,0.76,0.72,NA,NA,NA,,703557952,NA,NA,NA,200825_Std_H2OinMatrix_2,NA,Std,NA,703557952,NA
1798,4591,Butyryl-L-carnitine,1.39,219328752,19782,41960388,-2.5,NA,NA,NA,1.39333333333333,1.43,1.37,NA,NA,NA,,219328752,NA,NA,NA,200825_Std_250nMStdsInH2O_1,NA,Std,NA,219328752,NA
1799,4592,Butyryl-L-carnitine,1.38,386661472,0,72921664,-1.6,NA,NA,NA,1.39333333333333,1.43,1.37,NA,NA,NA,,386661472,NA,NA,NA,200825_Std_250nMStdsInH2O_2,NA,Std,NA,386661472,NA
1800,4593,Butyryl-L-carnitine,1.39,221658032,0,37057752,-2,NA,NA,NA,1.39333333333333,1.43,1.37,NA,NA,NA,,221658032,NA,NA,NA,200825_Std_250nMStdsInMatrix_1,NA,Std,NA,221658032,NA
1801,4594,Butyryl-L-carnitine,1.37,354415680,0,65873204,-1.5,NA,NA,NA,1.39333333333333,1.43,1.37,NA,NA,NA,,354415680,NA,NA,NA,200825_Std_250nMStdsInMatrix_2,NA,Std,NA,354415680,NA
1802,4595,Butyryl-L-carnitine,1.43,4924359,0,1445416,-1.7,NA,NA,NA,1.39333333333333,1.43,1.37,NA,NA,NA,,4924359,NA,NA,NA,200825_Std_H2OinMatrix_1,NA,Std,NA,4924359,NA
1803,4596,Butyryl-L-carnitine,1.4,4343750,0,1354248,-0.4,NA,NA,NA,1.39333333333333,1.43,1.37,NA,NA,NA,,4343750,NA,NA,NA,200825_Std_H2OinMatrix_2,NA,Std,NA,4343750,NA
1825,4672,C14-HSL,11.14,37293360,0,15720135,-1.5,NA,NA,NA,10.89,11.15,10.4,NA,NA,NA,,37293360,NA,NA,NA,200825_Std_250nMStdsInH2O_1,NA,Std,NA,37293360,NA
1826,4673,C14-HSL,11.09,14761108,0,5842674,-0.2,NA,NA,NA,10.89,11.15,10.4,NA,NA,NA,,14761108,NA,NA,NA,200825_Std_250nMStdsInH2O_2,NA,Std,NA,14761108,NA
1827,4674,C14-HSL,11.15,31013898,0,13438068,-1.7,NA,NA,NA,10.89,11.15,10.4,NA,NA,NA,,31013898,NA,NA,NA,200825_Std_250nMStdsInMatrix_1,NA,Std,NA,31013898,NA
1828,4675,C14-HSL,11.08,17221392,0,7253241,-0.3,NA,NA,NA,10.89,11.15,10.4,NA,NA,NA,,17221392,NA,NA,NA,200825_Std_250nMStdsInMatrix_2,NA,Std,NA,17221392,NA
1829,4676,C14-HSL,10.48,314315,0,87098,-1.4,NA,NA,NA,10.89,11.15,10.4,NA,NA,NA,,314315,NA,NA,NA,200825_Std_H2OinMatrix_1,NA,Std,NA,314315,NA
1830,4677,C14-HSL,10.4,338762,61998,109188,0.1,SNFlag,NA,NA,10.89,11.15,10.4,NA,NA,NA,"SNFlag, ",338762,NA,NA,NA,200825_Std_H2OinMatrix_2,NA,Std,NA,338762,NA
1852,4834,Carotene,16.19,262189,0,46004,0.8,NA,NA,NA,16.1716666666667,16.19,16.15,NA,NA,NA,,262189,NA,NA,NA,200825_Std_250nMStdsInH2O_1,NA,Std,NA,262189,NA
1853,4835,Carotene,16.17,122206,0,27026,1.4,NA,NA,NA,16.1716666666667,16.19,16.15,NA,NA,NA,,122206,NA,NA,NA,200825_Std_250nMStdsInH2O_2,NA,Std,NA,122206,NA
1854,4836,Carotene,16.19,646866,0,104786,0.8,NA,NA,NA,16.1716666666667,16.19,16.15,NA,NA,NA,,646866,NA,NA,NA,200825_Std_250nMStdsInMatrix_1,NA,Std,NA,646866,NA
1855,4837,Carotene,16.15,1074688,0,214849,1.5,NA,NA,NA,16.1716666666667,16.19,16.15,NA,NA,NA,,1074688,NA,NA,NA,200825_Std_250nMStdsInMatrix_2,NA,Std,NA,1074688,NA
1856,4838,Carotene,16.18,32904,0,7389,0.6,NA,NA,areaminFlag,16.1716666666667,16.19,16.15,NA,NA,NA,"areaminFlag, ",32904,NA,NA,NA,200825_Std_H2OinMatrix_1,NA,Std,NA,32904,NA
1857,4839,Carotene,16.15,39505,0,10630,1,NA,NA,areaminFlag,16.1716666666667,16.19,16.15,NA,NA,NA,"areaminFlag, ",39505,NA,NA,NA,200825_Std_H2OinMatrix_2,NA,Std,NA,39505,NA
1879,5023,Desthiobiotin,4.47,44451236,0,14381542,-2.1,NA,NA,NA,4.43166666666667,4.5,4.38,NA,NA,NA,,44451236,NA,NA,NA,200825_Std_250nMStdsInH2O_1,NA,Std,NA,44451236,NA
1880,5024,Desthiobiotin,4.39,61169680,0,19533276,-1.4,NA,NA,NA,4.43166666666667,4.5,4.38,NA,NA,NA,,61169680,NA,NA,NA,200825_Std_250nMStdsInH2O_2,NA,Std,NA,61169680,NA
1881,5025,Desthiobiotin,4.46,53271956,0,14413165,-2,NA,NA,NA,4.43166666666667,4.5,4.38,NA,NA,NA,,53271956,NA,NA,NA,200825_Std_250nMStdsInMatrix_1,NA,Std,NA,53271956,NA
1882,5026,Desthiobiotin,4.39,65835020,66400,20444050,-1.3,NA,NA,NA,4.43166666666667,4.5,4.38,NA,NA,NA,,65835020,NA,NA,NA,200825_Std_250nMStdsInMatrix_2,NA,Std,NA,65835020,NA
1883,5027,Desthiobiotin,4.5,39456,0,15352,-1.3,NA,NA,areaminFlag,4.43166666666667,4.5,4.38,NA,NA,NA,"areaminFlag, ",39456,NA,NA,NA,200825_Std_H2OinMatrix_1,NA,Std,NA,39456,NA
1884,5028,Desthiobiotin,4.38,24507,0,12431,-0.4,NA,NA,areaminFlag,4.43166666666667,4.5,4.38,NA,NA,NA,"areaminFlag, ",24507,NA,NA,NA,200825_Std_H2OinMatrix_2,NA,Std,NA,24507,NA
1906,5212,Glutathione,0.77,3365519,0,942583,-1.1,NA,NA,NA,0.87,1.18,0.77,NA,NA,NA,,3365519,NA,NA,NA,200825_Std_250nMStdsInH2O_1,NA,Std,NA,3365519,NA
1907,5213,Glutathione,0.77,7996475,0,3323077,-0.3,NA,NA,NA,0.87,1.18,0.77,NA,NA,NA,,7996475,NA,NA,NA,200825_Std_250nMStdsInH2O_2,NA,Std,NA,7996475,NA
1908,5214,Glutathione,0.82,26888,0,17871,-2.5,NA,NA,areaminFlag,0.87,1.18,0.77,NA,NA,NA,"areaminFlag, ",26888,NA,NA,NA,200825_Std_250nMStdsInMatrix_1,NA,Std,NA,26888,NA
1909,5215,Glutathione,1.18,10598,0,7523,-0.4,NA,NA,areaminFlag,0.87,1.18,0.77,NA,NA,NA,"areaminFlag, ",10598,NA,NA,NA,200825_Std_250nMStdsInMatrix_2,NA,Std,NA,10598,NA
1910,5216,Glutathione,0.91,38989,0,37202,-0.4,NA,NA,areaminFlag,0.87,1.18,0.77,NA,NA,NA,"areaminFlag, ",38989,NA,NA,NA,200825_Std_H2OinMatrix_1,NA,Std,NA,38989,NA
1911,5217,Glutathione,0.77,40492,0,31402,0.6,NA,NA,NA,0.87,1.18,0.77,NA,NA,NA,,40492,NA,NA,NA,200825_Std_H2OinMatrix_2,NA,Std,NA,40492,NA
1933,5239,Glutathione Disulfide,0.77,2114897,0,381423,0,NA,NA,NA,0.765,0.77,0.75,NA,NA,NA,,2114897,NA,NA,NA,200825_Std_250nMStdsInH2O_1,NA,Std,NA,2114897,NA
1934,5240,Glutathione Disulfide,0.77,4701550,0,2106906,1.3,NA,NA,NA,0.765,0.77,0.75,NA,NA,NA,,4701550,NA,NA,NA,200825_Std_250nMStdsInH2O_2,NA,Std,NA,4701550,NA
1935,5241,Glutathione Disulfide,0.77,3212205,0,1535232,-0.2,NA,NA,NA,0.765,0.77,0.75,NA,NA,NA,,3212205,NA,NA,NA,200825_Std_250nMStdsInMatrix_1,NA,Std,NA,3212205,NA
1936,5242,Glutathione Disulfide,0.76,4120035,0,2473701,1.4,NA,NA,NA,0.765,0.77,0.75,NA,NA,NA,,4120035,NA,NA,NA,200825_Std_250nMStdsInMatrix_2,NA,Std,NA,4120035,NA
1937,5243,Glutathione Disulfide,0.77,2050315,0,1304209,-0.2,NA,NA,NA,0.765,0.77,0.75,NA,NA,NA,,2050315,NA,NA,NA,200825_Std_H2OinMatrix_1,NA,Std,NA,2050315,NA
1938,5244,Glutathione Disulfide,0.75,1989316,0,925902,1.8,NA,NA,NA,0.765,0.77,0.75,NA,NA,NA,,1989316,NA,NA,NA,200825_Std_H2OinMatrix_2,NA,Std,NA,1989316,NA
1960,5320,Hydroxo B12,4.57,33995488,0,6470374,0.7,NA,NA,NA,4.53333333333333,4.6,4.48,NA,NA,NA,,33995488,NA,NA,NA,200825_Std_250nMStdsInH2O_1,NA,Std,NA,33995488,NA
1961,5321,Hydroxo B12,4.49,53043680,0,9442361,1.3,NA,NA,NA,4.53333333333333,4.6,4.48,NA,NA,NA,,53043680,NA,NA,NA,200825_Std_250nMStdsInH2O_2,NA,Std,NA,53043680,NA
1962,5322,Hydroxo B12,4.56,24910772,29164,4298348,0.9,NA,NA,NA,4.53333333333333,4.6,4.48,NA,NA,NA,,24910772,NA,NA,NA,200825_Std_250nMStdsInMatrix_1,NA,Std,NA,24910772,NA
1963,5323,Hydroxo B12,4.48,37310336,110401,6169660,1.2,NA,NA,NA,4.53333333333333,4.6,4.48,NA,NA,NA,,37310336,NA,NA,NA,200825_Std_250nMStdsInMatrix_2,NA,Std,NA,37310336,NA
1964,5324,Hydroxo B12,4.6,184780,0,45252,0.2,NA,NA,NA,4.53333333333333,4.6,4.48,NA,NA,NA,,184780,NA,NA,NA,200825_Std_H2OinMatrix_1,NA,Std,NA,184780,NA
1965,5325,Hydroxo B12,4.5,232605,0,51064,1.3,NA,NA,NA,4.53333333333333,4.6,4.48,NA,NA,NA,,232605,NA,NA,NA,200825_Std_H2OinMatrix_2,NA,Std,NA,232605,NA
1987,5347,IAA,5.13,1728506,0,489292,-2.3,NA,NA,NA,5.09666666666667,5.15,5.06,NA,NA,NA,,1728506,NA,NA,NA,200825_Std_250nMStdsInH2O_1,NA,Std,NA,1728506,NA
1988,5348,IAA,5.06,6073408,102748,1748853,-1.3,NA,NA,NA,5.09666666666667,5.15,5.06,NA,NA,NA,,6073408,NA,NA,NA,200825_Std_250nMStdsInH2O_2,NA,Std,NA,6073408,NA
1989,5349,IAA,5.12,1719402,0,384479,-2.1,NA,NA,NA,5.09666666666667,5.15,5.06,NA,NA,NA,,1719402,NA,NA,NA,200825_Std_250nMStdsInMatrix_1,NA,Std,NA,1719402,NA
1990,5350,IAA,5.06,5596745,139406,1519182,-2,NA,NA,NA,5.09666666666667,5.15,5.06,NA,NA,NA,,5596745,NA,NA,NA,200825_Std_250nMStdsInMatrix_2,NA,Std,NA,5596745,NA
1991,5351,IAA,5.15,146711,0,32423,-2.6,NA,NA,NA,5.09666666666667,5.15,5.06,NA,NA,NA,,146711,NA,NA,NA,200825_Std_H2OinMatrix_1,NA,Std,NA,146711,NA
1992,5352,IAA,5.06,267510,0,64475,-1.3,NA,NA,NA,5.09666666666667,5.15,5.06,NA,NA,NA,,267510,NA,NA,NA,200825_Std_H2OinMatrix_2,NA,Std,NA,267510,NA
2014,5374,Indole 3 acetamide,3.86,58271732,0,14090623,-2.7,NA,NA,NA,3.83166666666667,3.89,3.79,NA,NA,NA,,58271732,NA,NA,NA,200825_Std_250nMStdsInH2O_1,NA,Std,NA,58271732,NA
2015,5375,Indole 3 acetamide,3.79,55561620,0,12346884,-1.8,NA,NA,NA,3.83166666666667,3.89,3.79,NA,NA,NA,,55561620,NA,NA,NA,200825_Std_250nMStdsInH2O_2,NA,Std,NA,55561620,NA
2016,5376,Indole 3 acetamide,3.86,50119312,0,12102208,-2.5,NA,NA,NA,3.83166666666667,3.89,3.79,NA,NA,NA,,50119312,NA,NA,NA,200825_Std_250nMStdsInMatrix_1,NA,Std,NA,50119312,NA
2017,5377,Indole 3 acetamide,3.79,50328324,0,11161674,-1.7,NA,NA,NA,3.83166666666667,3.89,3.79,NA,NA,NA,,50328324,NA,NA,NA,200825_Std_250nMStdsInMatrix_2,NA,Std,NA,50328324,NA
2018,5378,Indole 3 acetamide,3.89,165306,0,50806,-3,NA,NA,NA,3.83166666666667,3.89,3.79,NA,NA,NA,,165306,NA,NA,NA,200825_Std_H2OinMatrix_1,NA,Std,NA,165306,NA
2019,5379,Indole 3 acetamide,3.8,98217,0,26920,-1.5,NA,NA,NA,3.83166666666667,3.89,3.79,NA,NA,NA,,98217,NA,NA,NA,200825_Std_H2OinMatrix_2,NA,Std,NA,98217,NA
2041,5455,Indole 3 methyl acetate,7.07,8460267,660935,2068272,-2.2,NA,NA,NA,7.04,7.1,7,NA,NA,NA,,8460267,NA,NA,NA,200825_Std_250nMStdsInH2O_1,NA,Std,NA,8460267,NA
2042,5456,Indole 3 methyl acetate,7,14750893,699178,4263226,-1.4,NA,NA,NA,7.04,7.1,7,NA,NA,NA,,14750893,NA,NA,NA,200825_Std_250nMStdsInH2O_2,NA,Std,NA,14750893,NA
2043,5457,Indole 3 methyl acetate,7.07,7531878,432792,1903344,-2,NA,NA,NA,7.04,7.1,7,NA,NA,NA,,7531878,NA,NA,NA,200825_Std_250nMStdsInMatrix_1,NA,Std,NA,7531878,NA
2044,5458,Indole 3 methyl acetate,7,13234765,877154,3950872,-1.6,NA,NA,NA,7.04,7.1,7,NA,NA,NA,,13234765,NA,NA,NA,200825_Std_250nMStdsInMatrix_2,NA,Std,NA,13234765,NA
2045,5459,Indole 3 methyl acetate,7.1,25595,0,15709,-2.3,NA,NA,areaminFlag,7.04,7.1,7,NA,NA,NA,"areaminFlag, ",25595,NA,NA,NA,200825_Std_H2OinMatrix_1,NA,Std,NA,25595,NA
2046,5460,Indole 3 methyl acetate,7,29734,0,15249,-1.3,NA,NA,areaminFlag,7.04,7.1,7,NA,NA,NA,"areaminFlag, ",29734,NA,NA,NA,200825_Std_H2OinMatrix_2,NA,Std,NA,29734,NA
2068,5509,Isobutyryl-L-carnitine,1.39,218970384,0,41960968,-2.5,NA,NA,NA,1.39333333333333,1.43,1.37,NA,NA,NA,,218970384,NA,NA,NA,200825_Std_250nMStdsInH2O_1,NA,Std,NA,218970384,NA
2069,5510,Isobutyryl-L-carnitine,1.38,386856192,0,72921664,-1.6,NA,NA,NA,1.39333333333333,1.43,1.37,NA,NA,NA,,386856192,NA,NA,NA,200825_Std_250nMStdsInH2O_2,NA,Std,NA,386856192,NA
2070,5511,Isobutyryl-L-carnitine,1.39,221658032,0,37057752,-2,NA,NA,NA,1.39333333333333,1.43,1.37,NA,NA,NA,,221658032,NA,NA,NA,200825_Std_250nMStdsInMatrix_1,NA,Std,NA,221658032,NA
2071,5512,Isobutyryl-L-carnitine,1.37,354762880,0,65873204,-1.5,NA,NA,NA,1.39333333333333,1.43,1.37,NA,NA,NA,,354762880,NA,NA,NA,200825_Std_250nMStdsInMatrix_2,NA,Std,NA,354762880,NA
2072,5513,Isobutyryl-L-carnitine,1.43,4892897,0,1445416,-1.7,NA,NA,NA,1.39333333333333,1.43,1.37,NA,NA,NA,,4892897,NA,NA,NA,200825_Std_H2OinMatrix_1,NA,Std,NA,4892897,NA
2073,5514,Isobutyryl-L-carnitine,1.4,4392826,0,1354248,-0.4,NA,NA,NA,1.39333333333333,1.43,1.37,NA,NA,NA,,4392826,NA,NA,NA,200825_Std_H2OinMatrix_2,NA,Std,NA,4392826,NA
2095,5563,Kynurenine,1.27,13698824,0,3538455,-2,NA,NA,NA,1.12333333333333,1.27,0.76,NA,NA,NA,,13698824,NA,NA,NA,200825_Std_250nMStdsInH2O_1,NA,Std,NA,13698824,NA
2096,5564,Kynurenine,1.26,24423272,0,6412487,-0.7,NA,NA,NA,1.12333333333333,1.27,0.76,NA,NA,NA,,24423272,NA,NA,NA,200825_Std_250nMStdsInH2O_2,NA,Std,NA,24423272,NA
2097,5565,Kynurenine,1.27,13426372,214573,2911910,-1.7,NA,NA,NA,1.12333333333333,1.27,0.76,NA,NA,NA,,13426372,NA,NA,NA,200825_Std_250nMStdsInMatrix_1,NA,Std,NA,13426372,NA
2098,5566,Kynurenine,1.26,21497012,0,4730199,-0.7,NA,NA,NA,1.12333333333333,1.27,0.76,NA,NA,NA,,21497012,NA,NA,NA,200825_Std_250nMStdsInMatrix_2,NA,Std,NA,21497012,NA
2099,5567,Kynurenine,0.92,396110,0,100156,-1.3,NA,NA,NA,1.12333333333333,1.27,0.76,NA,NA,NA,,396110,NA,NA,NA,200825_Std_H2OinMatrix_1,NA,Std,NA,396110,NA
2100,5568,Kynurenine,0.76,602766,0,139738,-3.2,NA,NA,NA,1.12333333333333,1.27,0.76,NA,NA,NA,,602766,NA,NA,NA,200825_Std_H2OinMatrix_2,NA,Std,NA,602766,NA
2122,5671,Methylthioadenosine,2.31,64404064,4410265,15604451,-1.3,NA,NA,NA,2.28166666666667,2.36,2.22,NA,NA,NA,,64404064,NA,NA,NA,200825_Std_250nMStdsInH2O_1,NA,Std,NA,64404064,NA
2123,5672,Methylthioadenosine,2.22,178920240,1914884,26492274,-0.3,NA,NA,NA,2.28166666666667,2.36,2.22,NA,NA,NA,,178920240,NA,NA,NA,200825_Std_250nMStdsInH2O_2,NA,Std,NA,178920240,NA
2124,5673,Methylthioadenosine,2.32,75021296,1269058,22498936,-1.5,NA,NA,NA,2.28166666666667,2.36,2.22,NA,NA,NA,,75021296,NA,NA,NA,200825_Std_250nMStdsInMatrix_1,NA,Std,NA,75021296,NA
2125,5674,Methylthioadenosine,2.24,118907680,27503104,28637242,-0.6,SNFlag,NA,NA,2.28166666666667,2.36,2.22,NA,NA,NA,"SNFlag, ",118907680,NA,NA,NA,200825_Std_250nMStdsInMatrix_2,NA,Std,NA,118907680,NA
2126,5675,Methylthioadenosine,2.36,3754150,0,1265895,-1.2,NA,NA,NA,2.28166666666667,2.36,2.22,NA,NA,NA,,3754150,NA,NA,NA,200825_Std_H2OinMatrix_1,NA,Std,NA,3754150,NA
2127,5676,Methylthioadenosine,2.24,3353903,20702,1218111,0.2,NA,NA,NA,2.28166666666667,2.36,2.22,NA,NA,NA,,3353903,NA,NA,NA,200825_Std_H2OinMatrix_2,NA,Std,NA,3353903,NA
2149,5779,Phenylalanine,1.15,17582272,283953,4767810,-2.8,NA,NA,NA,1.15,1.17,1.14,NA,NA,NA,,17582272,NA,NA,NA,200825_Std_250nMStdsInH2O_1,NA,Std,NA,17582272,NA
2150,5780,Phenylalanine,1.14,34967224,289161,9352850,-1.6,NA,NA,NA,1.15,1.17,1.14,NA,NA,NA,,34967224,NA,NA,NA,200825_Std_250nMStdsInH2O_2,NA,Std,NA,34967224,NA
2151,5781,Phenylalanine,1.15,345447008,5611326,77989248,-3.1,NA,NA,NA,1.15,1.17,1.14,NA,NA,NA,,345447008,NA,NA,NA,200825_Std_250nMStdsInMatrix_1,NA,Std,NA,345447008,NA
2152,5782,Phenylalanine,1.14,460345696,3163723,110671768,-2.3,NA,NA,NA,1.15,1.17,1.14,NA,NA,NA,,460345696,NA,NA,NA,200825_Std_250nMStdsInMatrix_2,NA,Std,NA,460345696,NA
2153,5783,Phenylalanine,1.17,327413152,2574315,110798192,-3.7,NA,NA,NA,1.15,1.17,1.14,NA,NA,NA,,327413152,NA,NA,NA,200825_Std_H2OinMatrix_1,NA,Std,NA,327413152,NA
2154,5784,Phenylalanine,1.15,387534464,3275142,139904768,-2.2,NA,NA,NA,1.15,1.17,1.14,NA,NA,NA,,387534464,NA,NA,NA,200825_Std_H2OinMatrix_2,NA,Std,NA,387534464,NA
2176,5833,Pyridoxal,0.83,81575720,0,34085504,-3.1,NA,NA,NA,0.863333333333333,0.92,0.83,NA,NA,NA,,81575720,NA,NA,NA,200825_Std_250nMStdsInH2O_1,NA,Std,NA,81575720,NA
2177,5834,Pyridoxal,0.83,75671944,0,28410992,-1.8,NA,NA,NA,0.863333333333333,0.92,0.83,NA,NA,NA,,75671944,NA,NA,NA,200825_Std_250nMStdsInH2O_2,NA,Std,NA,75671944,NA
2178,5835,Pyridoxal,0.85,35062056,0,18177298,-2.7,NA,NA,NA,0.863333333333333,0.92,0.83,NA,NA,NA,,35062056,NA,NA,NA,200825_Std_250nMStdsInMatrix_1,NA,Std,NA,35062056,NA
2179,5836,Pyridoxal,0.84,41820492,0,22264266,-1.5,NA,NA,NA,0.863333333333333,0.92,0.83,NA,NA,NA,,41820492,NA,NA,NA,200825_Std_250nMStdsInMatrix_2,NA,Std,NA,41820492,NA
2180,5837,Pyridoxal,0.92,585553,0,328317,-3,NA,NA,NA,0.863333333333333,0.92,0.83,NA,NA,NA,,585553,NA,NA,NA,200825_Std_H2OinMatrix_1,NA,Std,NA,585553,NA
2181,5838,Pyridoxal,0.91,640708,0,310175,-1.3,NA,NA,NA,0.863333333333333,0.92,0.83,NA,NA,NA,,640708,NA,NA,NA,200825_Std_H2OinMatrix_2,NA,Std,NA,640708,NA
2203,5941,RP B12,5.17,7172075,0,2389955,3.8,NA,NA,NA,5.13166666666667,5.18,5.09,NA,NA,NA,,7172075,NA,NA,NA,200825_Std_250nMStdsInH2O_1,NA,Std,NA,7172075,NA
2204,5942,RP B12,5.09,14049099,0,5135391,4.5,NA,ppmFlag,NA,5.13166666666667,5.18,5.09,NA,NA,NA,"ppmFlag, ",14049099,NA,NA,NA,200825_Std_250nMStdsInH2O_2,NA,Std,NA,14049099,NA
2205,5943,RP B12,5.17,6379618,0,2104964,3.9,NA,NA,NA,5.13166666666667,5.18,5.09,NA,NA,NA,,6379618,NA,NA,NA,200825_Std_250nMStdsInMatrix_1,NA,Std,NA,6379618,NA
2206,5944,RP B12,5.09,13419974,0,4916526,4.2,NA,ppmFlag,NA,5.13166666666667,5.18,5.09,NA,NA,NA,"ppmFlag, ",13419974,NA,NA,NA,200825_Std_250nMStdsInMatrix_2,NA,Std,NA,13419974,NA
2207,5945,RP B12,5.18,7816,0,9883,0.6,NA,NA,areaminFlag,5.13166666666667,5.18,5.09,NA,NA,NA,"areaminFlag, ",7816,NA,NA,NA,200825_Std_H2OinMatrix_1,NA,Std,NA,7816,NA
2208,5946,RP B12,5.09,20142,0,13194,3.4,NA,NA,areaminFlag,5.13166666666667,5.18,5.09,NA,NA,NA,"areaminFlag, ",20142,NA,NA,NA,200825_Std_H2OinMatrix_2,NA,Std,NA,20142,NA
2230,6049,Sulfurol,1.14,157957792,560322,61540392,-4,NA,NA,NA,1.08666666666667,1.17,0.8,NA,NA,NA,,157957792,NA,NA,NA,200825_Std_250nMStdsInH2O_1,NA,Std,NA,157957792,NA
2231,6050,Sulfurol,1.12,170154848,574101,68969392,-2.8,NA,NA,NA,1.08666666666667,1.17,0.8,NA,NA,NA,,170154848,NA,NA,NA,200825_Std_250nMStdsInH2O_2,NA,Std,NA,170154848,NA
2232,6051,Sulfurol,1.15,105839600,0,46754108,-3.6,NA,NA,NA,1.08666666666667,1.17,0.8,NA,NA,NA,,105839600,NA,NA,NA,200825_Std_250nMStdsInMatrix_1,NA,Std,NA,105839600,NA
2233,6052,Sulfurol,1.14,153631632,327964,68175768,-2.7,NA,NA,NA,1.08666666666667,1.17,0.8,NA,NA,NA,,153631632,NA,NA,NA,200825_Std_250nMStdsInMatrix_2,NA,Std,NA,153631632,NA
2234,6053,Sulfurol,1.17,16789,0,21032,-2,NA,NA,areaminFlag,1.08666666666667,1.17,0.8,NA,NA,NA,"areaminFlag, ",16789,NA,NA,NA,200825_Std_H2OinMatrix_1,NA,Std,NA,16789,NA
2235,6054,Sulfurol,0.8,39086,0,45210,-0.9,NA,NA,areaminFlag,1.08666666666667,1.17,0.8,NA,NA,NA,"areaminFlag, ",39086,NA,NA,NA,200825_Std_H2OinMatrix_2,NA,Std,NA,39086,NA
2257,6130,Thiamine monophosphate,0.71,7981718,0,1538761,-0.7,NA,NA,NA,0.725,0.74,0.7,NA,NA,NA,,7981718,NA,NA,NA,200825_Std_250nMStdsInH2O_1,NA,Std,NA,7981718,NA
2258,6131,Thiamine monophosphate,0.7,9717277,0,2652488,0.6,NA,NA,NA,0.725,0.74,0.7,NA,NA,NA,,9717277,NA,NA,NA,200825_Std_250nMStdsInH2O_2,NA,Std,NA,9717277,NA
2259,6132,Thiamine monophosphate,0.73,4017743,0,960320,-1.9,NA,NA,NA,0.725,0.74,0.7,NA,NA,NA,,4017743,NA,NA,NA,200825_Std_250nMStdsInMatrix_1,NA,Std,NA,4017743,NA
2260,6133,Thiamine monophosphate,0.74,3568554,0,1216111,-1,NA,NA,NA,0.725,0.74,0.7,NA,NA,NA,,3568554,NA,NA,NA,200825_Std_250nMStdsInMatrix_2,NA,Std,NA,3568554,NA
2261,6134,Thiamine monophosphate,0.74,2653120,0,1221211,-4.7,NA,ppmFlag,NA,0.725,0.74,0.7,NA,NA,NA,"ppmFlag, ",2653120,NA,NA,NA,200825_Std_H2OinMatrix_1,NA,Std,NA,2653120,NA
2262,6135,Thiamine monophosphate,0.73,2048354,0,853031,-2.6,NA,NA,NA,0.725,0.74,0.7,NA,NA,NA,,2048354,NA,NA,NA,200825_Std_H2OinMatrix_2,NA,Std,NA,2048354,NA
2284,6292,Tryptophan,2.04,12023006,0,3047409,-1.7,NA,NA,NA,2.02,2.06,1.99,NA,NA,NA,,12023006,NA,NA,NA,200825_Std_250nMStdsInH2O_1,NA,Std,NA,12023006,NA
2285,6293,Tryptophan,2,22045594,0,5309144,-0.9,NA,NA,NA,2.02,2.06,1.99,NA,NA,NA,,22045594,NA,NA,NA,200825_Std_250nMStdsInH2O_2,NA,Std,NA,22045594,NA
2286,6294,Tryptophan,2.03,44273976,0,8741562,-2.1,NA,NA,NA,2.02,2.06,1.99,NA,NA,NA,,44273976,NA,NA,NA,200825_Std_250nMStdsInMatrix_1,NA,Std,NA,44273976,NA
2287,6295,Tryptophan,1.99,53959036,12034,11518388,-1.2,NA,NA,NA,2.02,2.06,1.99,NA,NA,NA,,53959036,NA,NA,NA,200825_Std_250nMStdsInMatrix_2,NA,Std,NA,53959036,NA
2288,6296,Tryptophan,2.06,33452910,0,9444564,-2.2,NA,NA,NA,2.02,2.06,1.99,NA,NA,NA,,33452910,NA,NA,NA,200825_Std_H2OinMatrix_1,NA,Std,NA,33452910,NA
2289,6297,Tryptophan,2,29943036,0,8899423,-0.6,NA,NA,NA,2.02,2.06,1.99,NA,NA,NA,,29943036,NA,NA,NA,200825_Std_H2OinMatrix_2,NA,Std,NA,29943036,NA
2311,6346,Tyrosine,1.13,583318,0,168490,-2.3,NA,NA,NA,1.03666666666667,1.13,0.95,NA,NA,NA,,583318,NA,NA,NA,200825_Std_250nMStdsInH2O_1,NA,Std,NA,583318,NA
2312,6347,Tyrosine,1.11,1429071,66897,451364,-1,NA,NA,NA,1.03666666666667,1.13,0.95,NA,NA,NA,,1429071,NA,NA,NA,200825_Std_250nMStdsInH2O_2,NA,Std,NA,1429071,NA
2313,6348,Tyrosine,1.01,74647056,0,10346879,-2,NA,NA,NA,1.03666666666667,1.13,0.95,NA,NA,NA,,74647056,NA,NA,NA,200825_Std_250nMStdsInMatrix_1,NA,Std,NA,74647056,NA
2314,6349,Tyrosine,0.95,91242792,0,13533205,-1.3,NA,NA,NA,1.03666666666667,1.13,0.95,NA,NA,NA,,91242792,NA,NA,NA,200825_Std_250nMStdsInMatrix_2,NA,Std,NA,91242792,NA
2315,6350,Tyrosine,1.02,77917008,0,36688024,-2.6,NA,NA,NA,1.03666666666667,1.13,0.95,NA,NA,NA,,77917008,NA,NA,NA,200825_Std_H2OinMatrix_1,NA,Std,NA,77917008,NA
2316,6351,Tyrosine,1,85802920,0,42397660,-1,NA,NA,NA,1.03666666666667,1.13,0.95,NA,NA,NA,,85802920,NA,NA,NA,200825_Std_H2OinMatrix_2,NA,Std,NA,85802920,NA
2338,6427,Vitamin B1,0.72,18095192,0,6530518,-1.5,NA,NA,NA,0.773333333333333,0.8,0.72,NA,NA,NA,,18095192,NA,NA,NA,200825_Std_250nMStdsInH2O_1,NA,Std,NA,18095192,NA
2339,6428,Vitamin B1,0.77,44538156,0,17103654,-0.3,NA,NA,NA,0.773333333333333,0.8,0.72,NA,NA,NA,,44538156,NA,NA,NA,200825_Std_250nMStdsInH2O_2,NA,Std,NA,44538156,NA
2340,6429,Vitamin B1,0.77,13074344,0,7838375,-0.9,NA,NA,NA,0.773333333333333,0.8,0.72,NA,NA,NA,,13074344,NA,NA,NA,200825_Std_250nMStdsInMatrix_1,NA,Std,NA,13074344,NA
2341,6430,Vitamin B1,0.78,22006478,0,7571910,0.1,NA,NA,NA,0.773333333333333,0.8,0.72,NA,NA,NA,,22006478,NA,NA,NA,200825_Std_250nMStdsInMatrix_2,NA,Std,NA,22006478,NA
2342,6431,Vitamin B1,0.8,655647,0,547611,-1.3,NA,NA,NA,0.773333333333333,0.8,0.72,NA,NA,NA,,655647,NA,NA,NA,200825_Std_H2OinMatrix_1,NA,Std,NA,655647,NA
2343,6432,Vitamin B1,0.8,477935,0,400581,0.6,NA,NA,NA,0.773333333333333,0.8,0.72,NA,NA,NA,,477935,NA,NA,NA,200825_Std_H2OinMatrix_2,NA,Std,NA,477935,NA
2365,6454,Vitamin B2,4.44,18389162,0,7530529,-0.4,NA,NA,NA,4.40666666666667,4.47,4.36,NA,NA,NA,,18389162,NA,NA,NA,200825_Std_250nMStdsInH2O_1,NA,Std,NA,18389162,NA
2366,6455,Vitamin B2,4.36,26850900,67205,11275547,0.3,NA,NA,NA,4.40666666666667,4.47,4.36,NA,NA,NA,,26850900,NA,NA,NA,200825_Std_250nMStdsInH2O_2,NA,Std,NA,26850900,NA
2367,6456,Vitamin B2,4.45,16761806,0,7533301,-0.2,NA,NA,NA,4.40666666666667,4.47,4.36,NA,NA,NA,,16761806,NA,NA,NA,200825_Std_250nMStdsInMatrix_1,NA,Std,NA,16761806,NA
2368,6457,Vitamin B2,4.36,27430230,0,12238168,0.3,NA,NA,NA,4.40666666666667,4.47,4.36,NA,NA,NA,,27430230,NA,NA,NA,200825_Std_250nMStdsInMatrix_2,NA,Std,NA,27430230,NA
2369,6458,Vitamin B2,4.47,163139,0,102462,-0.2,NA,NA,NA,4.40666666666667,4.47,4.36,NA,NA,NA,,163139,NA,NA,NA,200825_Std_H2OinMatrix_1,NA,Std,NA,163139,NA
2370,6459,Vitamin B2,4.36,257303,0,121614,0.7,NA,NA,NA,4.40666666666667,4.47,4.36,NA,NA,NA,,257303,NA,NA,NA,200825_Std_H2OinMatrix_2,NA,Std,NA,257303,NA
2392,6481,Vitamin B3,0.86,49413280,0,20237064,-2.9,NA,NA,NA,0.88,0.92,0.86,NA,NA,NA,,49413280,NA,NA,NA,200825_Std_250nMStdsInH2O_1,NA,Std,NA,49413280,NA
2393,6482,Vitamin B3,0.86,60360072,1193713,23703774,-1.6,NA,NA,NA,0.88,0.92,0.86,NA,NA,NA,,60360072,NA,NA,NA,200825_Std_250nMStdsInH2O_2,NA,Std,NA,60360072,NA
2394,6483,Vitamin B3,0.87,102247456,0,52881708,-2.5,NA,NA,NA,0.88,0.92,0.86,NA,NA,NA,,102247456,NA,NA,NA,200825_Std_250nMStdsInMatrix_1,NA,Std,NA,102247456,NA
2395,6484,Vitamin B3,0.86,138431408,280706,74188008,-1.6,NA,NA,NA,0.88,0.92,0.86,NA,NA,NA,,138431408,NA,NA,NA,200825_Std_250nMStdsInMatrix_2,NA,Std,NA,138431408,NA
2396,6485,Vitamin B3,0.92,57049492,0,47918228,-3,NA,NA,NA,0.88,0.92,0.86,NA,NA,NA,,57049492,NA,NA,NA,200825_Std_H2OinMatrix_1,NA,Std,NA,57049492,NA
2397,6486,Vitamin B3,0.91,83217696,0,70828128,-1.4,NA,NA,NA,0.88,0.92,0.86,NA,NA,NA,,83217696,NA,NA,NA,200825_Std_H2OinMatrix_2,NA,Std,NA,83217696,NA
2419,6508,Vitamin B5,1.18,15430329,0,4043001,-2.1,NA,NA,NA,1.15833333333333,1.18,1.14,NA,NA,NA,,15430329,NA,NA,NA,200825_Std_250nMStdsInH2O_1,NA,Std,NA,15430329,NA
2420,6509,Vitamin B5,1.16,22002054,0,6136293,-1,NA,NA,NA,1.15833333333333,1.18,1.14,NA,NA,NA,,22002054,NA,NA,NA,200825_Std_250nMStdsInH2O_2,NA,Std,NA,22002054,NA
2421,6510,Vitamin B5,1.14,23313820,369198,4854485,-1.9,NA,NA,NA,1.15833333333333,1.18,1.14,NA,NA,NA,,23313820,NA,NA,NA,200825_Std_250nMStdsInMatrix_1,NA,Std,NA,23313820,NA
2422,6511,Vitamin B5,1.14,22094680,0,4810006,-1,NA,NA,NA,1.15833333333333,1.18,1.14,NA,NA,NA,,22094680,NA,NA,NA,200825_Std_250nMStdsInMatrix_2,NA,Std,NA,22094680,NA
2423,6512,Vitamin B5,1.18,953414,352199,185624,-1.9,SNFlag,NA,NA,1.15833333333333,1.18,1.14,NA,NA,NA,"SNFlag, ",953414,NA,NA,NA,200825_Std_H2OinMatrix_1,NA,Std,NA,953414,NA
2424,6513,Vitamin B5,1.15,591644,0,110384,-0.1,NA,NA,NA,1.15833333333333,1.18,1.14,NA,NA,NA,,591644,NA,NA,NA,200825_Std_H2OinMatrix_2,NA,Std,NA,591644,NA
2446,6535,Vitamin B6,0.86,135255184,0,50146572,-3.4,NA,NA,NA,1.08833333333333,1.57,0.85,NA,NA,NA,,135255184,NA,NA,NA,200825_Std_250nMStdsInH2O_1,NA,Std,NA,135255184,NA
2447,6536,Vitamin B6,0.85,141576624,0,45297308,-2.1,NA,NA,NA,1.08833333333333,1.57,0.85,NA,NA,NA,,141576624,NA,NA,NA,200825_Std_250nMStdsInH2O_2,NA,Std,NA,141576624,NA
2448,6537,Vitamin B6,0.86,88002352,0,39519436,-2.9,NA,NA,NA,1.08833333333333,1.57,0.85,NA,NA,NA,,88002352,NA,NA,NA,200825_Std_250nMStdsInMatrix_1,NA,Std,NA,88002352,NA
2449,6538,Vitamin B6,0.86,95562296,0,39808204,-1.8,NA,NA,NA,1.08833333333333,1.57,0.85,NA,NA,NA,,95562296,NA,NA,NA,200825_Std_250nMStdsInMatrix_2,NA,Std,NA,95562296,NA
2450,6539,Vitamin B6,1.57,4865574,0,784451,-2.9,NA,NA,NA,1.08833333333333,1.57,0.85,NA,NA,NA,,4865574,NA,NA,NA,200825_Std_H2OinMatrix_1,NA,Std,NA,4865574,NA
2451,6540,Vitamin B6,1.53,3777860,0,653504,-1.5,NA,NA,NA,1.08833333333333,1.57,0.85,NA,NA,NA,,3777860,NA,NA,NA,200825_Std_H2OinMatrix_2,NA,Std,NA,3777860,NA
2473,6697,Xanthine,1.1,2527866,0,777560,-3.2,NA,NA,NA,1.095,1.13,1.07,NA,NA,NA,,2527866,NA,NA,NA,200825_Std_250nMStdsInH2O_1,NA,Std,NA,2527866,NA
2474,6698,Xanthine,1.08,9137460,0,2862622,-1.8,NA,NA,NA,1.095,1.13,1.07,NA,NA,NA,,9137460,NA,NA,NA,200825_Std_250nMStdsInH2O_2,NA,Std,NA,9137460,NA
2475,6699,Xanthine,1.09,11809525,0,2669007,-2.9,NA,NA,NA,1.095,1.13,1.07,NA,NA,NA,,11809525,NA,NA,NA,200825_Std_250nMStdsInMatrix_1,NA,Std,NA,11809525,NA
2476,6700,Xanthine,1.07,27205404,0,7496888,-2.5,NA,NA,NA,1.095,1.13,1.07,NA,NA,NA,,27205404,NA,NA,NA,200825_Std_250nMStdsInMatrix_2,NA,Std,NA,27205404,NA
2477,6701,Xanthine,1.13,7086072,0,3220147,-3.2,NA,NA,NA,1.095,1.13,1.07,NA,NA,NA,,7086072,NA,NA,NA,200825_Std_H2OinMatrix_1,NA,Std,NA,7086072,NA
2478,6702,Xanthine,1.1,18487364,409143,10111725,-2,NA,NA,NA,1.095,1.13,1.07,NA,NA,NA,,18487364,NA,NA,NA,200825_Std_H2OinMatrix_2,NA,Std,NA,18487364,NA
